{
  "hash": "10e59142",
  "configHash": "7c800250",
  "lockfileHash": "e31ba334",
  "browserHash": "260db357",
  "optimized": {
    "@angular/common": {
      "src": "../../../../../../node_modules/@angular/common/fesm2022/common.mjs",
      "file": "@angular_common.js",
      "fileHash": "c3e8e00d",
      "needsInterop": false
    },
    "@angular/common/http": {
      "src": "../../../../../../node_modules/@angular/common/fesm2022/http.mjs",
      "file": "@angular_common_http.js",
      "fileHash": "83c1fd8c",
      "needsInterop": false
    },
    "@angular/core": {
      "src": "../../../../../../node_modules/@angular/core/fesm2022/core.mjs",
      "file": "@angular_core.js",
      "fileHash": "6d2d3c78",
      "needsInterop": false
    },
    "@angular/forms": {
      "src": "../../../../../../node_modules/@angular/forms/fesm2022/forms.mjs",
      "file": "@angular_forms.js",
      "fileHash": "c3188b93",
      "needsInterop": false
    },
    "@angular/platform-browser": {
      "src": "../../../../../../node_modules/@angular/platform-browser/fesm2022/platform-browser.mjs",
      "file": "@angular_platform-browser.js",
      "fileHash": "9e5a4fff",
      "needsInterop": false
    },
    "@angular/platform-server": {
      "src": "../../../../../../node_modules/@angular/platform-server/fesm2022/platform-server.mjs",
      "file": "@angular_platform-server.js",
      "fileHash": "b67dd101",
      "needsInterop": false
    },
    "@angular/router": {
      "src": "../../../../../../node_modules/@angular/router/fesm2022/router.mjs",
      "file": "@angular_router.js",
      "fileHash": "1fd69a9b",
      "needsInterop": false
    },
    "@angular/ssr": {
      "src": "../../../../../../node_modules/@angular/ssr/fesm2022/ssr.mjs",
      "file": "@angular_ssr.js",
      "fileHash": "f29636f0",
      "needsInterop": false
    },
    "@angular/ssr/node": {
      "src": "../../../../../../node_modules/@angular/ssr/fesm2022/node.mjs",
      "file": "@angular_ssr_node.js",
      "fileHash": "613bd83d",
      "needsInterop": false
    },
    "express": {
      "src": "../../../../../../node_modules/express/index.js",
      "file": "express.js",
      "fileHash": "9b218068",
      "needsInterop": true
    },
    "rxjs": {
      "src": "../../../../../../node_modules/rxjs/dist/cjs/index.js",
      "file": "rxjs.js",
      "fileHash": "8b925e68",
      "needsInterop": true
    },
    "rxjs/operators": {
      "src": "../../../../../../node_modules/rxjs/dist/cjs/operators/index.js",
      "file": "rxjs_operators.js",
      "fileHash": "93356bdd",
      "needsInterop": true
    }
  },
  "chunks": {
    "xhr2-TXIMV6CV": {
      "file": "xhr2-TXIMV6CV.js"
    },
    "chunk-VZIPRM2U": {
      "file": "chunk-VZIPRM2U.js"
    },
    "chunk-OM4SUWEE": {
      "file": "chunk-OM4SUWEE.js"
    },
    "chunk-RXGWHWXQ": {
      "file": "chunk-RXGWHWXQ.js"
    },
    "chunk-5TERL4DM": {
      "file": "chunk-5TERL4DM.js"
    },
    "chunk-L5HF2IYU": {
      "file": "chunk-L5HF2IYU.js"
    },
    "chunk-SXPMOPJZ": {
      "file": "chunk-SXPMOPJZ.js"
    },
    "chunk-Z4A4UEHK": {
      "file": "chunk-Z4A4UEHK.js"
    },
    "chunk-V6VAEE5S": {
      "file": "chunk-V6VAEE5S.js"
    },
    "chunk-NEB74DX2": {
      "file": "chunk-NEB74DX2.js"
    },
    "chunk-4HVWSRNV": {
      "file": "chunk-4HVWSRNV.js"
    },
    "chunk-QHIWDXK3": {
      "file": "chunk-QHIWDXK3.js"
    },
    "chunk-YHCV7DAQ": {
      "file": "chunk-YHCV7DAQ.js"
    }
  }
}